,0,1,2,3,4,5,6,7,8,9,10,11,12,13,14,15,16,17,18,19,20,21,22,23,24,25,26,27,28,29,30,31,32,33,34,35,36,37,38,39,40,sequence
B24731_XPD_202,2.0,2.0,2.0,2.0,2.0,2.0,2.0,2.0,2.0,2.0,2.0,2.0,2.0,2.0,2.0,2.0,2.0,2.0,2.0,2.0,2.0,2.0,2.0,2.0,2.0,2.0,2.0,2.0,2.0,2.0,2.0,2.0,2.0,2.0,2.0,2.0,2.0,2.0,2.0,2.0,2.0,RILNYQWIIFIS--GNTRTAAKVNVNQVVENKNHIDESTTGDVTVSS-N--TTINQTTS---------SNTT---ITDGEMRVELRDKQKQEYKVVSDRNNS----------EIARTQKISANNTPNGVLAEEDILTDVTLEGTTPNKSIRTFFATNDIDRQSWEKNKQRVGKAERPNR--TIRAPHSLIMRENTSQSGTYN--ETY--KPNATEGSSN-----ATVTLPKEMANTSNLLSRDNTS-STNETIRPGINEEKPVKKVR-EKRAFSTVLQSALVTIEFRQCSNSSSNKVTEDKINSDTKEENQKQDASKNNSITRKMIIAVSIVRSFLTNGGRPRGREEEGDNNTSVSSLIIARAVLRSRARAKYGNAKSLDTIVRELVGLCGIYHIRQLAQ
B24731_XPD_804,3.0,3.0,3.0,3.0,3.0,3.0,3.0,2.0,2.0,2.0,2.0,2.0,2.0,2.0,2.0,2.0,2.0,2.0,2.0,2.0,2.0,2.0,2.0,2.0,2.0,2.0,2.0,2.0,2.0,2.0,2.0,2.0,2.0,2.0,2.0,2.0,2.0,2.0,2.0,2.0,2.0,RILNYQWIIFIS--GNTRTAAKVNVNQVVENKNHIDESTTGDV-----------NQTTS---------SNTT---ITDGEMRVELRDKQKTEYKVVSDRNNS----------EIARTQKISANNTPNGVLAEEDILTDVTLEGTTPNKSIRTFFATNDIDRQSWEKNKQRVGKAERPNR--TIRAPHSLIMRENTSQNGIYN--ETY--KPNATEGSSN-----AIVTLPKEMANTSNLLSRDNTS-STNETIRPGINEEKPVKKVR-EKRAFSTVLQSALVTIEFRQCSNSSSNKVTEDKINSDTKEENQKQDASKNNSITRKMIIAVSIVRSFLTNGGRPRGREEEGDNNTSVSSLIIARAVLRSRARAKYGNARSLDTIVRELVGLCGIYHIRQLAQ
B24731_XPD_402,4.0,4.0,4.0,4.0,4.0,4.0,2.0,2.0,2.0,2.0,2.0,2.0,2.0,2.0,2.0,2.0,2.0,2.0,2.0,2.0,2.0,2.0,2.0,2.0,2.0,2.0,2.0,2.0,2.0,2.0,2.0,2.0,2.0,2.0,2.0,2.0,2.0,2.0,2.0,2.0,2.0,RILNYQWIIFIS--GNTRTAAKVNVNQVVENKNHIDESTTGDVTVSS-N--TTINQTTS---------SNTT---ITDGEMRVELRDKQQKEYKVVSNRNNS----------EIARTQKISANNTPNGVLAEEDILTDVTLEGTTPNKSIRTFFATNDIDRQSWEKNKQRVGKAERPNR--TIRAPHSLIMRENTSQNGTYN--ETY--KPNATEGSSN-----AIVTLPKEMANTSNLLSRDNTS-STNETIRPGINKKKPVKKVR-EKRAFSTVLQSTLVTIEFRQCSNSSSNKVTEDKINSDTKEENQKQDASKNNSITRKMIIAVPIVRSFLTNGGRPRGRKEEGDNNTSVSSLIIARAVLRSRARAKYGNAKSLDTIVRELVGLCGIYHIRQLAQ
B24731_XPD_512,5.0,5.0,5.0,2.0,2.0,2.0,2.0,2.0,2.0,2.0,2.0,2.0,2.0,2.0,2.0,2.0,2.0,2.0,2.0,2.0,2.0,2.0,2.0,2.0,2.0,2.0,2.0,2.0,2.0,2.0,2.0,2.0,2.0,2.0,2.0,2.0,2.0,2.0,2.0,2.0,2.0,RILNYQWIIFIS--GNTRTAAKVNVNQVVENKNHIDESTTGDVTVSS-N--TTINQTTS---------SNTT---ITDGEMRVELRDKKRKEYKVVSDRNNS----------EIARTQKISANNTPNGVLAEEDILTDVTLEGTTPNKSIRTFFATNDIDRQSWEKNKQRVGKAERPNR--TIRAPHSLIMRENTSQNGTYN--ETY--KPNATEGSSN-----ATVTLPKEMANTSNLLSRDNTS-STNETIRPGINEEKPVKKVR-EKRAFSTVLQSALVTIEFRQCSNSSSNKVTEDKINSDTKEENQKQDASKNNSITRKMIIAVSIVRSFLTNGGRPRGREEEGDNNTSVSSLIIARAVLRSRARAKYGNAKSLDTIVRELVGLCGIYHIRQLAQ
B24731_XPD_520,5.0,5.0,5.0,2.0,2.0,2.0,2.0,2.0,2.0,2.0,2.0,2.0,2.0,2.0,2.0,2.0,2.0,2.0,2.0,2.0,2.0,2.0,2.0,2.0,2.0,2.0,2.0,2.0,2.0,2.0,2.0,2.0,2.0,2.0,2.0,2.0,2.0,2.0,2.0,2.0,2.0,RILNYQWIIFIS--GNTRTAAKVNVNQVVENKNHIDESTTGDVTVSS-N--TTINQTTS---------SNTT---ITDGEMRVELRDKKRKEYKVVSDRNNS----------EIARTQKISANNTPNGVLAEEDILTDVTLEGTTPNKSIRTFFATNDIDRQSWEKNKQRVGKAERPNR--TIRAPHSLIMRENTSQNGTYN--ETY--KPNATEGSSN-----ATVTLPKEMANTSNLLSRDNTS-STNETIRPGINEEKPVKKVR-EKRAFSTVLQSALVTIEFRQCSNSSSNKVTEDKINSDTKEENQKQDASKNNSITRKMIIAVSIVRSFLTNGGRPRGREEEGDNNTSVSSLIIARAVLRSRARAKYGNAKSLDTIVRELVGLCGIYHIRQLAQ
B24731_XPD_528,6.0,5.0,5.0,2.0,2.0,2.0,2.0,2.0,2.0,2.0,2.0,2.0,2.0,2.0,2.0,2.0,2.0,2.0,2.0,2.0,2.0,2.0,2.0,2.0,2.0,2.0,2.0,2.0,2.0,2.0,2.0,2.0,2.0,2.0,2.0,2.0,2.0,2.0,2.0,2.0,2.0,RILNYQWIIFIS--GNTRTAAKVNVNQVVENKNHIDESTTGDVTVSS-N--TTINQTTS---------SNTT---ITDGEMRVELRDKKRKEYKVVSDRNNS----------EIARTQKISANNTPNGVLAEEDILTDVTLEGTTPNKSIRTFFATNDIDRQSWEKNKQRVGKAERPNR--TIRAPHSLIMRENTSQNGTYN--ETY--KPNATEGSSN-----ATVTLPKEMANTSNLLSRDNTS-STNETIRPGINEEKPVKKVR-EKRAFSTVLQSALVTIEFRQCSNSSSNKVTEDKINSDTKEENQKQDASKNNSITRKMIIAVSIVRSFLTNGGRPRGREEEGDNNTSVSSLIIARAVLRSRARAKYGNAKSLDTIVRELVGLCGIYHIRRLAQ
B24731_XPD_509,7.0,5.0,5.0,2.0,2.0,2.0,2.0,2.0,2.0,2.0,2.0,2.0,2.0,2.0,2.0,2.0,2.0,2.0,2.0,2.0,2.0,2.0,2.0,2.0,2.0,2.0,2.0,2.0,2.0,2.0,2.0,2.0,2.0,2.0,2.0,2.0,2.0,2.0,2.0,2.0,2.0,RILNYQWIIFIS--GNTRTAAKVNVNQVVESKNHIDESTTGDVTVSS-N--TTINQTTS---------SNTT---ITDGEMRVELRDKKRKEYKVVSDRNNS----------EIARTQKISANNTPNGVLAEEDILTDVTLEGTTPNKSIRTFFATNDIDRQSWEKNKQRVGKAERPNR--TIRAPHSLIMRENTSQNGTYN--ETY--KPNATEGSSN-----ATVTLPKEMANTSNLLSRDNTS-STNETIRPGINEEKPVKKVR-EKRAFSTVLQSALVTIEFRQCSNSSSNKVTEDKINSDTKEENQKQDASKNNSITRKMIIAVSIVRSFLTNGGRPRGREEEGDNNTSVSSLIIARAVLRSRARAKYGNAKSLDTIVRELVGLCGIYHIRQLAQ
B24731_XPD_523,8.0,5.0,5.0,2.0,2.0,2.0,2.0,2.0,2.0,2.0,2.0,2.0,2.0,2.0,2.0,2.0,2.0,2.0,2.0,2.0,2.0,2.0,2.0,2.0,2.0,2.0,2.0,2.0,2.0,2.0,2.0,2.0,2.0,2.0,2.0,2.0,2.0,2.0,2.0,2.0,2.0,RILNYQWIIFIS--GNTRTAAKVNVNQVVENKNHIDESTTGDVTVSS-N--TTINQTTS---------SNTT---ITDGEMRVELRDKKRKEYKVVSDRNNS----------EIARTQKISANNTPNGVLAEEDILTDVTLEGTTPNKSIRTFFATNDIDRQSWEKNKQRVGKAERPNR--TIRAPHSLIMRENTSQNGTYN--ETY--KPNATEGSSN-----ATVTLPKEMANTSNLLSRDNTS-STNETIRPGINEEKPVKKVR-EERAFSTVLQSALVTIEFRQCSNSSSNKVTEDKINSDTKEENQKQDASKNNSITRKMIIAVSIVRSFLTNGGRPRGREEEGDNNTSVSSLIIARAVLRSRARAKYGNAKSLDTIVRELVGLCGIYHIRQLAQ
B24731_XPD_511,9.0,5.0,5.0,2.0,2.0,2.0,2.0,2.0,2.0,2.0,2.0,2.0,2.0,2.0,2.0,2.0,2.0,2.0,2.0,2.0,2.0,2.0,2.0,2.0,2.0,2.0,2.0,2.0,2.0,2.0,2.0,2.0,2.0,2.0,2.0,2.0,2.0,2.0,2.0,2.0,2.0,RILNYQWIIFIS--GNTRTAAKVNVNQVVENKNHIDESTTGDVTVSS-N--TTINQTTS---------SNTT---ITDGEMRVELRDKKRKEYKVVSDRNNS----------EIARTQKISANSTPNGVLAEEDILTDVTLEGTTPNKSIRTFFATNDIDRQSWEKNKQRVGKAERPNR--TIRAPHSLIMRENTSQNGTYN--ETY--KPNATEGSSN-----ATVTLPKEMANTSNLLSRDNTS-STNETIRPGINEEKPVKKVR-EKRAFSTVLQSALVTIEFRQCSNSSSNKVTEDKINSDTKEENQKQDASKNNSITRKMIIAVSIVRSFLTNGGRPRGREEEGDNNTSVSSLIIARAVLRSRARAKYGNAKSLDTIVRELVGLCGIYHIRQLAQ
B24731_XPD_704,10.0,6.0,6.0,2.0,2.0,2.0,2.0,2.0,2.0,2.0,2.0,2.0,2.0,2.0,2.0,2.0,2.0,2.0,2.0,2.0,2.0,2.0,2.0,2.0,2.0,2.0,2.0,2.0,2.0,2.0,2.0,2.0,2.0,2.0,2.0,2.0,2.0,2.0,2.0,2.0,2.0,RILNYQWIIFIS--GNTRTAAKVNVNQVVENKNHIDESTTGDVTVSS-N--TTINQTTS---------SNTT---ITDGEMRVELRDKKRREYKVVSDRNNS----------EIARTQKISANNTPNGVLAEEDILTDVTLEGTTPNKSIRTFFATNDIDRQSWEKNKQRVGKAERPNR--TIRAPHSLIMRENTSQNGTYN--ETY--KPNATEGSSN-----ATVTLPKEMANTSNLLSRDNTS-STNETIRPGINEEKPVKKVR-EKRAFSTVLQSALATIEFRQCSNSSSNKVTEDKINSDTKEENQKQDASKNNSITRKMIIAVSIVRSFLTNGGRPGGREEEGDNNTSVSSLIIARAVLRSRARAKYGNAKSLDTIVRELVGLCGIYHIRQLAQ
B24731_XPD_516,11.0,7.0,7.0,2.0,2.0,2.0,2.0,2.0,2.0,2.0,2.0,2.0,2.0,2.0,2.0,2.0,2.0,2.0,2.0,2.0,2.0,2.0,2.0,2.0,2.0,2.0,2.0,2.0,2.0,2.0,2.0,2.0,2.0,2.0,2.0,2.0,2.0,2.0,2.0,2.0,2.0,RILNYQWIIFIS--GNTRTAAKVDVNQVVENKNHIDESTTGDVTVSS-N--TTINQTTS---------SNTT---ITDGEMRVELRDKKRKEYKVVSDRNNS----------EIARTQKISANNTPNGVLAEEDILTDVTLEGTTPNKSIRTFFATNDIDRQSWEKNKQRVGKAERPNR--TIRAPHSLIMRENTSQNGTYN--ETY--KPNATEGSSN-----ATVTLPKEMANTSNLLSRDNTS-STNETIRPGINEEKPVKKVR-EKRAFSTVLQSALVTIEFRQCSNSSSNKVTEDKINSDTKEENQKQDASKNNSITRKMIIAVSVVRSFLTNGGRPRGREEEGVNNTSVSSLIIARAVLRSRARAKYGNAKSLDTIVRELVGLCGIYHIRQLAQ
B24731_XPD_301,12.0,8.0,8.0,5.0,2.0,2.0,2.0,2.0,2.0,2.0,2.0,2.0,2.0,2.0,2.0,2.0,2.0,2.0,2.0,2.0,2.0,2.0,2.0,2.0,2.0,2.0,2.0,2.0,2.0,2.0,2.0,2.0,2.0,2.0,2.0,2.0,2.0,2.0,2.0,2.0,2.0,RILNYQWIIFIS--GNTRTAAKVNVNQVVENKNHIDESTTGDVTVSS-N--AAINQTTS---------SNTT---ITDGEMRVELRDKKRKEHKVVSDRNNS----------EIARTQKISANNTPNGVLAEEDILTDVTLEGTTPNKSIRTFFATNDIDRQSWEKNKQRVGKAEIPNR--TIRAPHSLIMRENTSQNGTYN--ETY--KPNATEGSSN-----ATVTLPKEMANTSNLLSRDNTS-STNETIRPGINEEKPVKKVR-EKRAFSTVLQSALVTVEFRQCSNSSSNKVTEDKINSDTKEENQKQDASKNNSITRKMIIAVSIVRSFLTNGGRPRGREEEGDNNTSVSSLIIARAVLRSRARAKYGNAKSLDTIVRELVGLCGIYHIRQLAQ
M24730_XPD_2801,13.0,9.0,9.0,6.0,5.0,5.0,4.0,3.0,3.0,3.0,3.0,2.0,2.0,2.0,2.0,2.0,2.0,2.0,2.0,2.0,2.0,2.0,2.0,2.0,2.0,2.0,2.0,2.0,2.0,2.0,2.0,2.0,2.0,2.0,2.0,2.0,2.0,2.0,2.0,2.0,2.0,RILNYQWIIFIS--GNTRTAAKVNVNQVVENKNHIDESTTTDVT--S-N--TTTNQTTSSTNATNNQTTDPV---TTEGEMKVELRDKQKKVYKVVSDRNNS----------EIARTQKISANNTPNGVLAEKDILTDVTLEETTPSKSIRTFFATNDIDRQSWGKNKQRVGKAERPNK--KIQAPHSLIMRENTSQNGTYMPNGTY--MPNVTEESSN-----ATITLPKEMANTTDLLSRENTS-STNENIRPGINEEKPVKKVR-EKRAFSTVLQSALVTIEFRQCTNSSSNKVAEEKVNNDIKEENQKQDASENNSITRKMIIAVSIVRSFLTNGGRPRGREEEGDNNTSVSSLTIARAVLRSRARVKYGNAKSLDTIVRELVGLCGIYHIRQLAQ
M24730_XPD_3702,14.0,10.0,10.0,7.0,6.0,6.0,5.0,4.0,4.0,4.0,4.0,2.0,2.0,2.0,2.0,2.0,2.0,2.0,2.0,2.0,2.0,2.0,2.0,2.0,2.0,2.0,2.0,2.0,2.0,2.0,2.0,2.0,2.0,2.0,2.0,2.0,2.0,2.0,2.0,2.0,2.0,RILNYQWIIFIS--GNTRTAAKVNVNQVVGNKNHIDESTTTDVT--S-N--TTTNQTAG-TNTTNNQTTNPV---TTDGEMKVELRDKQKKVYKVVSDKNNS----------EIARTQKISANNTPNGVLAEEDILTDVTLEETTPSKSIRTFFATNDIDRQSWGKNKQRVGKAERPNK--KIQAPHSLIMRENTSQNGTYMPNGTY--MPNVTEESSN-----ATITLPKEMANTSILLSRDNTS-STNETIRPGINEEKPVEKVR-EKRTFSTVLQSALVTVEFRQCANSTSNKVTEDKINSDTKEENQKQDASKNNSITRKMIIAVSIVRSFLTNGGRPRGREEEGDNNTSVSSLIIARAVLRSRATAKYGNAKSLDTIVRELVGLCGIYHIRQLAQ
M24730_XPD_505,15.0,11.0,11.0,8.0,7.0,7.0,6.0,5.0,5.0,5.0,5.0,2.0,2.0,2.0,2.0,2.0,2.0,2.0,2.0,2.0,2.0,2.0,2.0,2.0,2.0,2.0,2.0,2.0,2.0,2.0,2.0,2.0,2.0,2.0,2.0,2.0,2.0,2.0,2.0,2.0,2.0,RILNYQWIIFIS--GNTRTAAKVNVNQVVENKNHIDESTTTDVT--S-N--TTTNQTAS-TNTTNNQTTNPV---TTDGEMKVELRDKQKKVYKVVSDRNNS----------EIARTQKISANNTPNGVLAEEDILTDVTLEGTTPNKSIRTFFATNDIDRQSRGKHGKEVGKAEKPNR--TIRAPHSLIMRENTSQNGTYMPNGTY--MPNVTEGSLN-----ETVTLPKEMANTSNLLSWDNTS-STNETIRPGINEEKPVEKVR-EKRAFSTVLQSALVTIEFRQCTNSSSNKVTEEKVNNDIKEENQKQDASKNNSITRKMIIAVSIVRSFLTNGGRPRGREEEGDNSTSVSSLIIARAVLRSRATANYGNAKSLDTIVRELVGLCGIYHIRQLAQ
M24730_XPD_5023,16.0,12.0,12.0,9.0,8.0,8.0,7.0,6.0,6.0,6.0,6.0,2.0,2.0,2.0,2.0,2.0,2.0,2.0,2.0,2.0,2.0,2.0,2.0,2.0,2.0,2.0,2.0,2.0,2.0,2.0,2.0,2.0,2.0,2.0,2.0,2.0,2.0,2.0,2.0,2.0,2.0,RILNYQWIIFIS--GNTRTAAKVNVNQMVINKNHIDESTKERVT---------TNSTKT----------YNS---TMNGEMKVELRDKKKEVYKVVSNDSTK----------EIAKTQKISANNTPNGILAEKDILTDVTLEETTPSKSIRTFFATNDIDRQSKDNNKQGVGRAEKPNK--TIRAPHSLIMRENTSQNGTYN--KTY--MSNATEGNS-------TITLPKEMANTSKLLSRDRDD-E-NETIRPGMNEEKPVKKVR-EKRAFSTVLQNALVTVEFRQCANTSNNRVTDEKINNDTREENQKKDASKNNDISNRMIIAVSIVRSFLTNGG-PRGREEESDNNTNVSSLIIARAVLRSRTKARYGNVRSLDTIVRELVGLCGIYHIRQLAQ
M24730_XPD_515,17.0,13.0,13.0,10.0,9.0,9.0,8.0,7.0,7.0,7.0,6.0,2.0,2.0,2.0,2.0,2.0,2.0,2.0,2.0,2.0,2.0,2.0,2.0,2.0,2.0,2.0,2.0,2.0,2.0,2.0,2.0,2.0,2.0,2.0,2.0,2.0,2.0,2.0,2.0,2.0,2.0,RILNYQWIIFIS--GNTRTAAKVNVNQMVINKNHIDESTKEKVT---------TNSTKT----------YNS---TMNGEMKVELRDKKKEVYKVVSNDSTK----------EIAKTQKISANNTPNGVLAEKDILTDVTLEETTPSKSIRTFFATNDIDRQSKDNNKQGVGRAEKPNK--TIRAPHSLIMRENTSQNGTYN--KTY--MSNATEGNS-------TITLPKEMANTSKLLSRDRDD-E-NETIRPGMNEEKPVKKVR-EKRAFSTVLQNALVTVEFRQCANASNNRVTDEKINNDTREENQKKDASKNNDISNRMIIAVSIVRPFLTNGG-PRGREEESDNNTSVSSLVIARAVLRSRTKAKYGNVRRLDTIVRELVGFGGIYHIRQLAQ
M24730_XPD_2903,18.0,14.0,14.0,11.0,10.0,10.0,9.0,8.0,8.0,8.0,6.0,2.0,2.0,2.0,2.0,2.0,2.0,2.0,2.0,2.0,2.0,2.0,2.0,2.0,2.0,2.0,2.0,2.0,2.0,2.0,2.0,2.0,2.0,2.0,2.0,2.0,2.0,2.0,2.0,2.0,2.0,RILNYQWIIFIS--GNTRTAAKVNVNQVVINKNHIDESTRGSVS---------TN---T----------YNS---TPEGEMKVELRDKKKEVYKVVSNDSTK----------EIAKTQKISANNTPNGVLAEKDILTDVTLEETTPSKSIRTFFATNDIDRQSKDNNKQGVGRAEKPNK--TIRAPHSLIMRENTSQNGTYN--KTY--MSNATEGNS-------TITLPKEMANTSKLLSRDRND-E-NETIRPGINEEKPVKKVR-EKRAFSTVLQNALVTVEFRQCANASNNRVTDEKINNDTREENQKKDASKNNDISNKMIIAVSIVRSFLTNGG-PRGREEESDNNTNVSSLVIARAVLRSRTKAKYGNVRRLDTIVRELVGLCGIYHIRQLAQ
M24730_XPD_3902,19.0,15.0,15.0,12.0,11.0,11.0,10.0,9.0,9.0,9.0,6.0,2.0,2.0,2.0,2.0,2.0,2.0,2.0,2.0,2.0,2.0,2.0,2.0,2.0,2.0,2.0,2.0,2.0,2.0,2.0,2.0,2.0,2.0,2.0,2.0,2.0,2.0,2.0,2.0,2.0,2.0,RILNSQWIIFIS--GNTRTAAKVNVNQVIDNKNHIDESTRGDV----------TNGTNT----------Y------KNGEMKVELRDKKKEVYKVVSN--NS----------EIAKTQKISANNTPNGILAEKDILTDVTLEETTPSKSIRTFFATNDIDRQSKDNNKQGVGRAEKPNK--TIRAPHSLIMRENTSQNGTYN--KTY--MSNATEGNS-------TITLPKEMANTSKLLSRDRDD-E-NETIRPGMNEEKPVKKVR-EKRAFSTVLQNALVTVEFRQCANASNNRVTDEKINNDTKEENQKKDASKNNDISNKMIIAVSIVRSFLTNGG-PRGREEESDNNTNVSSLVIARAVLRSRTKAKYGNVRRLDTIVRELVGLGGIYHIRQLAQ
M24730_XPD_6109,20.0,16.0,16.0,13.0,12.0,12.0,11.0,10.0,10.0,10.0,6.0,2.0,2.0,2.0,2.0,2.0,2.0,2.0,2.0,2.0,2.0,2.0,2.0,2.0,2.0,2.0,2.0,2.0,2.0,2.0,2.0,2.0,2.0,2.0,2.0,2.0,2.0,2.0,2.0,2.0,2.0,RILNYQWIIFIS--GNTRTAAKVNVNQVIDNKNHIDESTKGDVN---------TNSTNT----------YNL---TTDKEMRVELRDKKKEVYKVVSDKNNS----------EIAKTQKISANNTPNGVLAEKDILTDVTLKETTPSKSIRTFFATNDIDRQSKDNNKQRVGRAEKPNK--TIRAPHSLIMRENTSQNGTYN--KTY--MSNATEGNANT----TFITLPKEMANTSKLLSRDRDD-E-NETIRPGMNEEKPVKKVR-EKRAFSTVLQNALVTVEFRQCANASNNRVTDEKINNDTREENQKKDASKNNDISNKMIIAVSIVRSFLTNGG-PRGREEESDNNTNVSSLVIARAVLRSRTKAKYGNVRRLDTIVRELVGLCGIYHIRQLAQ
M24730_XPD_3301,21.0,17.0,17.0,14.0,13.0,13.0,12.0,11.0,11.0,11.0,6.0,2.0,2.0,2.0,2.0,2.0,2.0,2.0,2.0,2.0,2.0,2.0,2.0,2.0,2.0,2.0,2.0,2.0,2.0,2.0,2.0,2.0,2.0,2.0,2.0,2.0,2.0,2.0,2.0,2.0,2.0,RILNYQWIIFIS--GNTRTAAKVNINQVVGNKNHIDESTRGNV----------TNPT--------------------NGEMKVELKDKKKEVYKVVSNKSNS----------EIAKTQKISANNTPNGVLAEKDILTDVTLEETTPSKSIRTFFATNDIDRQSKDNNKQGVGRAEKPNK--TIRAPHSLIMRENTSQNGTYN--KTY--MSNATEGNS-------IITLPKEMANTSKLLSRDRDD-EGNETIRPGINEEKPVKRVR-EKRAFSTVLQNALVTVEFRQCANASNNRVTDEKINNDTREENQKKDASKNNDISNKMIIAVSIVRSFLTNGG-PRGREEESDNNTSVSSLVIARAVLRSRTKAKYGNVRRLDTIVRELVGFGGIYHIRQLAQ
M24730_XPD_2101,22.0,18.0,18.0,15.0,14.0,14.0,13.0,12.0,12.0,12.0,6.0,2.0,2.0,2.0,2.0,2.0,2.0,2.0,2.0,2.0,2.0,2.0,2.0,2.0,2.0,2.0,2.0,2.0,2.0,2.0,2.0,2.0,2.0,2.0,2.0,2.0,2.0,2.0,2.0,2.0,2.0,RILNYQWIIFIS--GNTRTAAKVNVSQMVGNKNHIDESTRGNVN---------TNSTNT----------YNS---TMDREMKVELRDKKKEVYKVVSDR-SN----------ETAKTQKISANNTPNGVLAEKDILTDVTLEETTPSKSIRTFFATNDIDRQSKDNNKQGVGRAEKPNK--TIRAPHSLIMRENTSQNGTYN--KTY--MSNATEGNS-------TITLPKEMANTSKLLSRDNDD-EGNETTRPGINEEKPVKRVR-EKRAFSTVLQNALVTVEFRQCANASNNRVTDEKINNDTREENQKKDASKNNDISNKMIIAVSIVRSFLTNGG-PRGREEESDNNTNVSSLIIARAVLRSRTKARYGNVRSLDTIVRELVGLCGIYHIRQLAQ
B26611_XPR_201,23.0,19.0,19.0,16.0,15.0,15.0,14.0,13.0,13.0,13.0,7.0,3.0,3.0,3.0,3.0,3.0,3.0,3.0,3.0,3.0,3.0,3.0,3.0,3.0,3.0,3.0,3.0,3.0,3.0,3.0,3.0,3.0,3.0,3.0,3.0,3.0,3.0,3.0,3.0,3.0,3.0,MITNCHWISFISVMGNTKTAAKVNVDQILGNKNHIDQSTNS--NVNVTRN----------NTTNATNPN------LMNGEMKIELRDKKKSEHRVVPNSN--DANSNE-----RAITQKVSADNTPNGVLSEEGIITSTNLEKVAPNKGMRTFYATKDIDRQSRKNTIQRVSKREHPNITE-IKQPPALITREETSDNSTFRFNG------TDIQTTFNDTLNDTQIIIKKGIENTENLITRDN----TTDPTRPAMDEEQPVKKVRREKRAFSTVLQSAMVAIEYKQCANANSDKLEEERINNTTKEETRQKEASKNNDITNKMIITVSIVRSFLTT-RGPRGREEEGDRDVSANCLIIARTALRSKREIKYRNVKSLDTTVRELVRIGAICNVRQFTL
B26611_XPR_217,24.0,19.0,19.0,16.0,15.0,15.0,14.0,13.0,13.0,13.0,7.0,3.0,3.0,3.0,3.0,3.0,3.0,3.0,3.0,3.0,3.0,3.0,3.0,3.0,3.0,3.0,3.0,3.0,3.0,3.0,3.0,3.0,3.0,3.0,3.0,3.0,3.0,3.0,3.0,3.0,3.0,MITNCHWISFISVMGNTKTAVKVNVDQILGNKNHIDQSTNS--NVNVTRN----------NTTNATNPN------LMNGEMKIELRDKKKSEHRVVPNSN--DANSNE-----RAITQKVSADNTPNGVLSEEGIITSTNLEKVAPNKGMRTFYATKDIDRQSRKNTIQRVSKREHPNITE-IKQPPALITREETSDNSTFRFNG------TDIQTTFNDTLNDTQIIIKKGIENTENLITRDN----TTDPTRPAMDEEQPVKKVRREKRAFSTVLQSAMVAIEYKQCANANSDKLEEERINNTTKEETRQKEASKNNDITNKMIITVSIVRSFLTT-RGPRGREEEGDRDVSANCLIIARTALRSKREIKYRNVKSLDTTVRELVRIGAICNVRQFTL
B26611_XPR_213,25.0,20.0,19.0,16.0,15.0,15.0,14.0,13.0,13.0,13.0,7.0,3.0,3.0,3.0,3.0,3.0,3.0,3.0,3.0,3.0,3.0,3.0,3.0,3.0,3.0,3.0,3.0,3.0,3.0,3.0,3.0,3.0,3.0,3.0,3.0,3.0,3.0,3.0,3.0,3.0,3.0,MITNCHWISFISVMGNTKTAAKVNVDQILGNKNHIDQSANS--NVNVTRN----------NTTNATNPN------LMNGEMKIELRDKKKSEHRVVPNSN--DANSNE-----RAITQKVSADNTPNGVLSEEGIITSTNLEKVAPNKGMRTFYATKDIDRQSRKNTIQRVSKREHPNITE-IKQPPALITREETSDNSTFRFNG------TDIQTTFNDTLNDTQIIIKKGIENTENLITRDN----TTDPTRPAMDEEQPVKKVRREKRAFSTVLQSAMVAIEYKRCANANSDKLEEERINNTTKEETRQKEASKNNDITNKMIITVSIVRSFLTT-RGPRGREEEGDRDVSANCLIIARTALRSKREIKYRNVKSLDTTVRELVRIGAICNVRQFTL
B26611_XPR_223,26.0,21.0,20.0,16.0,15.0,15.0,14.0,13.0,13.0,13.0,7.0,3.0,3.0,3.0,3.0,3.0,3.0,3.0,3.0,3.0,3.0,3.0,3.0,3.0,3.0,3.0,3.0,3.0,3.0,3.0,3.0,3.0,3.0,3.0,3.0,3.0,3.0,3.0,3.0,3.0,3.0,MITNCHWVSFISVMGNTKTAAKVNVDQILGNKNHIDQSTNS--NVNVTRN----------NTTNATNPN------LMNGEMKIELRDKKKSEHRVVPNSN--DANSNE-----RAITQKVSADNTPNGVLSEEGIITSTNLEKVAPNKGMRTFYATKDIDRQSRKNTIQRVSKREHPNITE-IKQPPALITREETSDNSTFRFNG------TDIQTTFNDTLNDTQIIIKKGIENTENLITRDN----TTDPTRPAMDEEQPVKKVRREKRAFSTVLQSAMVAIGYKQCANANSDKLEEERINNTTKEETRQKEASKNNDITNKMIITVSTVRSFLTT-RGPRGREEEGDRDVSANCLIIARTALRSKREIKYRNVKSLDTTVRELVRIGAICNVRQFTL
B26611_XPR_102,27.0,22.0,19.0,16.0,15.0,15.0,14.0,13.0,13.0,13.0,7.0,3.0,3.0,3.0,3.0,3.0,3.0,3.0,3.0,3.0,3.0,3.0,3.0,3.0,3.0,3.0,3.0,3.0,3.0,3.0,3.0,3.0,3.0,3.0,3.0,3.0,3.0,3.0,3.0,3.0,3.0,MITNCHWISFISVMGNTKTAAKVNVDQILGNKNHIDQSTNS--NVNVTRN----------NTTNATNPN------LMNGEMKIELRDKKKSEHRVVPNSN--DANSNE-----RAITQRVSADNTPNGVLSEEGIITSTNLEKVAPNKGMRTFYATKDIDRQSRKNTIQRVSKREHPNITE-IKQPPALITREETSDNSTFRFNG------TDIQTTFNDTLNDTQIIIKKGIENTENLITRDN----TTDPTRPAMDEEQPVKKVRREKRAFSTVLQSAMVAIEYKQCANANSDKLEEERINNTTKEETRQKEASKNNDITNKMIITVSIVRSFLTT-RGPRGREEEGDRDVSANCLIIARTALRSKREIKYRNVKSLDTTVRELVRIGAICNVSQFTL
B26611_XPR_219,28.0,23.0,19.0,16.0,15.0,15.0,14.0,13.0,13.0,13.0,7.0,3.0,3.0,3.0,3.0,3.0,3.0,3.0,3.0,3.0,3.0,3.0,3.0,3.0,3.0,3.0,3.0,3.0,3.0,3.0,3.0,3.0,3.0,3.0,3.0,3.0,3.0,3.0,3.0,3.0,3.0,MITNCHWISFISVMGNTKTAAKVNVDQILGNKNHIDQSTNS--NVNVTRN----------NTTNATNPN------LMNGEMKIELRDKKKSEHRVVPNSN--DANSNE-----RAITQKVSADNTPNGVLSEEGIITSTNLEKVAPNKGMRTFYATKDIDRQSRKNTIQRVSKREYPNITE-IKQPPALITREETSDNSTFRFNG------TDIQTTFNDTLNDTQIIIKKGIENTENLITRDN----TTDPTRPAMDEEQPVKKVRREKRAFSTVLQSAMVAIEYKQCANANSDKLEEERINNTTKEETRQKEASKNNDITNKMIITVSIVRSFLTT-RGPRGREEEGDRDVSASCLIIARTALRSKREIKYRNVKSLDTTVRELVRIGAICNVRQFTL
M26610_PL_612,29.0,24.0,21.0,17.0,16.0,16.0,15.0,14.0,14.0,14.0,8.0,3.0,3.0,3.0,3.0,3.0,3.0,3.0,3.0,3.0,3.0,3.0,3.0,3.0,3.0,3.0,3.0,3.0,3.0,3.0,3.0,3.0,3.0,3.0,3.0,3.0,3.0,3.0,3.0,3.0,3.0,MITNCHWISFISVMGNTRTAAKVNVDQILGNKNHIDQSTNS--NVNVTRN----------NTTNATNPN------LMNGEMKIELRDKKKSEHRVVPNSN--DANSNE-----RAITQKVSADNTPNGVLSEEGIITSTNLEKVAPNKGVRTFFATKDINRQSRKNTTQRVSKREYSNKTEKIEKPPALITREETSDNSTFRFNG------TDIQTTFNDTVNDTQIIIKKGIENTENLITRDN----TTDPTRPAMDEEQPVKKVRREKRAFSTVLQSAMVAIEYKQCANANSSKQEEERINNTTKEETRQKEASKNNDITNKMIITVSIVRSFLTT-RGPRGREEEGDRDVSANCLIIARTALRSKREIKYRNVKSLDTTVRELVRIGAICNVRQFTL
M26610_BML_301,30.0,25.0,22.0,18.0,17.0,17.0,16.0,15.0,15.0,15.0,9.0,3.0,3.0,3.0,3.0,3.0,3.0,3.0,3.0,3.0,3.0,3.0,3.0,3.0,3.0,3.0,3.0,3.0,3.0,3.0,3.0,3.0,3.0,3.0,3.0,3.0,3.0,3.0,3.0,3.0,3.0,MITNCHWISFTSVMGNTRTAAKVNVDQILGNKNHIDQSTNTNANVKVTRN----------STSSANTPN------LMNGEMKIELRDKKKSEHRVVPNPR--DTTSSE-----RAITQKVSADNTPNGVLSEEGIITSTNLEKVAPNKSVRTIFATKDIDRQSRKNTIQRVSKREYSNETD-IKEPPSLITREETSDNSTFRFNG------TDIQPTFNDTLNDTQIIINKGIENTENLITRDN----TTDPTRPAMDEEQPVKKVRREKRAFPTVLQSAMVAIEYKQRANANSDKLEEERINNTTKEETRQKEASKNNDITNKMIITVSIVRSFLTT-RGPRGREEEGDRDVSANCLIIARTALRSKREIKYRNVKSLDTTVREVVRIGAICNVRQFTL
M26610_BML_5911,31.0,26.0,22.0,18.0,17.0,17.0,16.0,15.0,15.0,15.0,9.0,3.0,3.0,3.0,3.0,3.0,3.0,3.0,3.0,3.0,3.0,3.0,3.0,3.0,3.0,3.0,3.0,3.0,3.0,3.0,3.0,3.0,3.0,3.0,3.0,3.0,3.0,3.0,3.0,3.0,3.0,MITNCHWISFTSVMGNTRTAAKVNVDQILGNKNHIDQSTNTNANVKVTRN----------STSSANTPN------LMNGEMKIELRDKKKSEHRVVPNPR--DTTSSE-----RAITQKVSADNTPNGVLSEEGIITSTNLEKVAPNKSVRTIFATKDIDRQSRKNTIQRVSKREYSNETD-IKEPPSLITREETSDNSTFRFNG------TDIQPTFNDTLNDTQIIINKGIENTENLITRDN----TTDPTRPAMDEEQPVKKVRREKRAFSTVLQSAMVAIEYKQCANANSDKLEEERINNTTKEETRQKEASKNNDITNKMIITVSIVRSFLTT-RGPRGREEEGDRDVSANCLIIARTALRSKREIKYRNVKSLDTTVREVVRIGAICNVRQFTL
M26610_BML_3301,32.0,27.0,23.0,19.0,18.0,18.0,17.0,16.0,16.0,16.0,10.0,3.0,3.0,3.0,3.0,3.0,3.0,3.0,3.0,3.0,3.0,3.0,3.0,3.0,3.0,3.0,3.0,3.0,3.0,3.0,3.0,3.0,3.0,3.0,3.0,3.0,3.0,3.0,3.0,3.0,3.0,MITNYHWISFISVMGNTKTAAKVNVDQILGNKNHIDQSTNTNANVKVTRN----------STSSANTPN------LMNGEMKIELRDKKKSEHRVVPNSS--DTGSSE-----RAITQKVSADNTPNGVLSEEGIISSTNFEKVAPNKSVRTFYATKDIDRQSRKNTIQRVSKREYSNETD-IKEPPSLITREETSDNSTFRFNG------TDIQPTFNDTVNDTQIIIKKGIENTENLITRDN----TTDPTRPAMDEEQPVKKVRREKRAFSTVLQSAMVAIEYKQCANANSDKLEEERINNTTKEETRQKEASKNNDITNKMIITVSIVRSFLTT-RGPRGREEEGDRDVSANCLIIARTALRSKREIKYRNVKSLDTTVRELVRISAICNIRQFTL
M26610_BML_3601,33.0,28.0,24.0,20.0,19.0,19.0,18.0,17.0,17.0,17.0,11.0,3.0,3.0,3.0,3.0,3.0,3.0,3.0,3.0,3.0,3.0,3.0,3.0,3.0,3.0,3.0,3.0,3.0,3.0,3.0,3.0,3.0,3.0,3.0,3.0,3.0,3.0,3.0,3.0,3.0,3.0,MITNCHWISFISVMGNTRAAAKVNVDRILGNKNHIDQSTNT--NVNVIRN----------NTDSATTPN------PMNGEMKIELRDKRKSERRIVPNP---NSNSSE-----RAITQKVSADNTPNGVLSEEGIITSTNLEKVAPNKGMRTFYATKDIDRQSRKNTIQRVSKREYSNETD-IKEPPSLITREETSDNSTFRFNG------TDIQPTFNDTLNDTQIIIKKGIENTENLITRDN----TTDPTRLAMDEEQPVKKVRREKRAFSTVLQSAMVAIEYKQCANANSDKLEEERINNTTKEETRQKEASKNNDITNKMIITVSIVRSFLTT-RGPRGREEEGDRDVSANCLIIARTALRSKREIKYRNVKSLDTTVRDLVRIGAICNVRQFTL
M26610_BML_6105,34.0,28.0,24.0,20.0,19.0,19.0,18.0,17.0,17.0,17.0,11.0,3.0,3.0,3.0,3.0,3.0,3.0,3.0,3.0,3.0,3.0,3.0,3.0,3.0,3.0,3.0,3.0,3.0,3.0,3.0,3.0,3.0,3.0,3.0,3.0,3.0,3.0,3.0,3.0,3.0,3.0,MITNCHWISFISVMGNTRAAAKVNVDRILGNKNHIDQSTNT--NVNVIRN----------NTDSATTPN------PMNGEMKIELRDKRKSERRIVPNP---NSNSSE-----RAITQKVSADNTPNGVLSEEGIITSTNLEKVAPNKGMRTFYATKDIDRQSRKNTIQRVSKREYSNETD-IKEPPSLITREETSDNSTFRFNG------TDIQPTFNDTLNDTQIIIKKGIENTENLITRDN----TTDPTRPAMDEEQPVKKVRREKRAFSTVLQSAMVAIEYKQCANANSDKLEEERINNTTKEETRQKEASKNNDITNKMIITVSIVRSFLTT-RGPRGREEEGDRDVSANCLIIARTALRSKREIKYRNVKSLDTTVRDLVRIGAICNVRQFTL
M26610_PL_103,35.0,29.0,25.0,21.0,20.0,20.0,19.0,18.0,18.0,18.0,12.0,3.0,3.0,3.0,3.0,3.0,3.0,3.0,3.0,3.0,3.0,3.0,3.0,3.0,3.0,3.0,3.0,3.0,3.0,3.0,3.0,3.0,3.0,3.0,3.0,3.0,3.0,3.0,3.0,3.0,3.0,MITNCHWISFISVMGNTRTAAKVNVDRIVENKNHIDQSTNTNANVKVTR---------------TTTPD------PMNGEIKIELRDKKKSEHRVVPNSS--DTSSSE-----RAITQKVSADNTPNGVLSEEGIITSTNLEKVAPNKSVRTFFATKDINRQSRKNTTQRVSKREYSNKTEKIEKPPALITREETSDNSTFRFNG------TDIQTTFNDTSNDTQIIIKKGIENTENLITRDN----TTDPTRPAMDEEQPVKKVRREKRAFSTVLQSAMVAIEYKQCANANSDKLEEERINNTTKEETRQKEANKNNDITNKMIITVSIVRSFLTT-RGPREREEEGDRDVSANCLIIARTALRSKREIKYRNVKSLDTTVREFARIGAICNVRQFTL
M26610_XPR_606,36.0,30.0,26.0,22.0,21.0,21.0,20.0,19.0,19.0,19.0,13.0,3.0,3.0,3.0,3.0,3.0,3.0,3.0,3.0,3.0,3.0,3.0,3.0,3.0,3.0,3.0,3.0,3.0,3.0,3.0,3.0,3.0,3.0,3.0,3.0,3.0,3.0,3.0,3.0,3.0,3.0,MITNCHWISFISVMGNTRTAAKVNVDQILGNENHIDQSTNTNANVKVTR---------------TTTPD------PMNGEIKIELRDKKKSEHRVVPNSS--DTSSNE-----RAITQKVSADNTPNGVLSEEGIISSTNFEKVAPNKSVRTFYATKDIDRQSRKNTIQRVSKREYSNETE-IKKPPALITREETSDNSTFRFNG------TDIQTTFNDTLNDTQIIINKGIENTENLITRDN----TTDPTRPAMDEEQPVKKVRREKRAFSTVLQSAMVAIEYKQCANGNSNKLEEERINNTTKEETRQEEASKNNDTTNKMIITVSIVRSFLTT-RGPRGREEEGDRDVSANCSIIARTALRSKREIKYRNVKSLDTTVRELVRLFAICNVRQFTL
M26610_PL_1006,37.0,31.0,27.0,23.0,22.0,22.0,21.0,20.0,20.0,20.0,14.0,3.0,3.0,3.0,3.0,3.0,3.0,3.0,3.0,3.0,3.0,3.0,3.0,3.0,3.0,3.0,3.0,3.0,3.0,3.0,3.0,3.0,3.0,3.0,3.0,3.0,3.0,3.0,3.0,3.0,3.0,MITNCHWISFISVMGNARAAAKVNVDRILENK-HIDS-TNTNANVKVTRN----------STSSATNPN------PMNGEMKIELRDKKKSEHRVVPNSS--DTSSSE-----RAITQKVSADNTPNGVLSEEGIISSTNFEKVAPNKSVRTFYATKDIDRQSRKNTTQRVSKREYSNKTEKIEKPPALITREETSDNSTFRFNG------TDIQTTFNDTVNDTQIIIKKGIENTENLITRDN----TTDPTRPAMDEEQPVKKVRREKRAFSTVLHSAMVAIEYKQCANANSSKQEEERINNTTKEETRQKDASQNNDITNKMIITVSIVRSFLTT-RGPRGREEEGDRDVSANCLIIARTALRSKREIKYRNVKSLDTTVRELVRISAICNIRQFTL
M26610_BML_3001,38.0,32.0,28.0,24.0,23.0,23.0,22.0,21.0,21.0,21.0,15.0,3.0,3.0,3.0,3.0,3.0,3.0,3.0,3.0,3.0,3.0,3.0,3.0,3.0,3.0,3.0,3.0,3.0,3.0,3.0,3.0,3.0,3.0,3.0,3.0,3.0,3.0,3.0,3.0,3.0,3.0,MITNCHWISFISVMGNTKTAAKVNVDQILGNKNHIDQSTNS--NVNVTRN----------NTTNATNPN------PMNGEMKIELRDKKKSEHRVVPNSN--DANSNE-----RAITQKVSADNTPNGVLSEEGIITSTNLEKVAPNKGMRTFYATKDINRQSRKNTIQRVSKREYSNKTI--KQSPALITREETSDNRTFTVNS-----TDDIQPTANDTVNDTQTIN-KGIENTVNLITRDN----DTDPIRPAMDEEQPVKKVRREKRAFSTVLQSAMVAIEYKQCANANSDKLEEERINNTTKEETRQKEASKNNDITNKMIITVSIVRSFLTT-RGPRGREEEGDRDVSANCLIIARTALRSKREIKYRNVKSLDTTVRELVRIGAICNVRQFTL
M26610_BML_5701,39.0,33.0,29.0,25.0,24.0,24.0,23.0,22.0,22.0,22.0,16.0,3.0,3.0,3.0,3.0,3.0,3.0,3.0,3.0,3.0,3.0,3.0,3.0,3.0,3.0,3.0,3.0,3.0,3.0,3.0,3.0,3.0,3.0,3.0,3.0,3.0,3.0,3.0,3.0,3.0,3.0,MITNCHWISFISVMGNTRAAAKVNVDRILENKNHIDQSTNS--NVNVTRN----------NTTNATNPN------PMNGEMKIELRDKRKSERRIVPNPN---SSSSE-----RAITQKVSADNTPNGVLSEEGIITSTNLEKVAPSKSMRTFYATKDIDRQSRKNTTHRVSKREYSNKTI--KQPPALITREETADNSTFT----------DIQLTFNDTLNDTQIIIKKGIENTENLITWDNK-S-DTEPIRPAMDEKQPVKKVRREKRAFSTVLQSAMVAIEYKQCANANSDKLEEERINNTTKEETRQKEASKNNDITNKMIITVSIVRSFLTT-RGPRGREEEGDRDVSANCLIIARTALRSKREIKYRNVKSLDTTVRELVRIGAIYNIRQFTL
M26610_XPR_209,40.0,34.0,30.0,26.0,25.0,25.0,24.0,23.0,23.0,23.0,17.0,3.0,3.0,3.0,3.0,3.0,3.0,3.0,3.0,3.0,3.0,3.0,3.0,3.0,3.0,3.0,3.0,3.0,3.0,3.0,3.0,3.0,3.0,3.0,3.0,3.0,3.0,3.0,3.0,3.0,3.0,MITNCHWISFISVMGNTRAAAKVNVDRILENKNHIGQSTNS--NVNVTRN----------NTTNATTPN------LMNGEMKIELRDKKKSEHRVVPNSN--DANSNE-----RAITQKVSADNTPNGVLSAEGIITRTTLEEKMPNRSVRAFYAPGDIDRQGRKNTTQRVSERKHPNKTI--KEPPSLITREETSDNRTFTVNS------TDIQPTFNDTLNDTQIIN-KGIENTENLITWDNK-N-DTDPTRPAMDEEQPVKKVRREKRAFSTVLQSAMVAIEYKQCANANSSKQEEERINNTTKEETRQKEASKSNDITNKMIITVSIVRSFLTT-RGPRGREEEGDRDVSANCLIIARTAPRGKREIKYRNVKSLDTTVGELVRIGAIYNIRQFTL
M26610_BML_1801,41.0,35.0,31.0,27.0,26.0,26.0,25.0,24.0,24.0,24.0,18.0,4.0,4.0,4.0,3.0,3.0,3.0,3.0,3.0,3.0,3.0,3.0,3.0,3.0,3.0,3.0,3.0,3.0,3.0,3.0,3.0,3.0,3.0,3.0,3.0,3.0,3.0,3.0,3.0,3.0,3.0,MITNCHWISFISVMGNTRTAAKVNVNQMLGNKNHIDQSTNTDVNVNVTRN----------NT----------TPDPMNGEQKIELRDKKKSEHRIEPDDS--TDSTNSTNARKRAIAQKVSADNTPNGVLSAEGIITSTTLEEKMPNRSVRAFYAPGDIDRQSRKNTTQRVSKREYSNETK-IEKSPALITRENTSGNYTFTAND------TKIQITSNDTLNDT-LTIKKGMEIANTLITRDKN-TSNNDTTRPAMDEEQPVKKVRREKRAFSTVLQSAMVAIEYKQCANASSNKQEEERINNDIGVDTQKKDASKNNNITNKMIITVSIVWSFLTA-RGPREREEGGDRDVSANCLIIARTALRSKREIKYGNVKSLDTTVRELIRLFAICNIRQFAL
M26610_BML_3801,42.0,36.0,31.0,27.0,26.0,26.0,25.0,24.0,24.0,24.0,18.0,4.0,4.0,4.0,3.0,3.0,3.0,3.0,3.0,3.0,3.0,3.0,3.0,3.0,3.0,3.0,3.0,3.0,3.0,3.0,3.0,3.0,3.0,3.0,3.0,3.0,3.0,3.0,3.0,3.0,3.0,MITNCHWISFISVMGNTRTAAKVNVNQMLGNKNHIDQSTNTDVNVNVTRN----------NT----------TPDPMNGEQKIELRDKKKSEHRIEPDDS--TDSTNSTNARKRAIAQKVSADNTPNGVLSAEGIITSTTLEEKMPNRSVRAFYAPGDIDRQSRKNTTQRVSKREYSNETR-IEKSPALITRENTSGNYTFTAND------TKIQITSNDTLNDT-LTIKKGMEIANTLITRDKN-TSNNDTTRPAMDEEQPVKKVRREKRAFSTVLQSAMVAIEYKQCANASSNKQEEERINNDIGVDTQKKDASKNNNITNKMIITVSIVRSFLTA-RGPREREEGGDRDVSANCLIIARTALRSKREIKYGNVKSLDTTVRELIRLFAICNIRQFAL
M26610_XPR_110,43.0,37.0,31.0,27.0,26.0,26.0,25.0,24.0,24.0,24.0,18.0,4.0,4.0,4.0,3.0,3.0,3.0,3.0,3.0,3.0,3.0,3.0,3.0,3.0,3.0,3.0,3.0,3.0,3.0,3.0,3.0,3.0,3.0,3.0,3.0,3.0,3.0,3.0,3.0,3.0,3.0,MITNCHWISFISVMGNTRTAAKVNVNQMLGNKNHIDQSTNTDVNVNVTRN----------NT----------TPDPMNGEQKIELRDKKKSEHRIEPDDS--TDSTNSTNARKRAIAQKVSADNTPNGVLSAEGIITSTTLEEKMPNRSVRAFYAPGDIDRQSRKNTTQRVSKREYSNETK-IEKSPALITRENTSGNYTFTAND------TKIQITSNDTLNDT-LTIKKGMEIANTLITRDKN-TSNNDTTRPAMDEEQPVKKVKREKRAFSTVLQSAMVAIEYKQCANASSNKQEEERINNDIGVDTQKKDASKNNNITNKMIITVSIVRSFLTA-RGPREREEGGDRDVSANCLIIARTALRSKREIKYGNVKSLDTTVRELIRLFAICNIRQFAL
M26610_XPD_2504,44.0,38.0,32.0,27.0,26.0,26.0,25.0,24.0,24.0,24.0,18.0,4.0,4.0,4.0,3.0,3.0,3.0,3.0,3.0,3.0,3.0,3.0,3.0,3.0,3.0,3.0,3.0,3.0,3.0,3.0,3.0,3.0,3.0,3.0,3.0,3.0,3.0,3.0,3.0,3.0,3.0,MIMNCHWISFISVMGNTRTAAKVNVNQMLGNKNHIDQSTNTDVNVNVTRN----------NT----------TPDPMNGEQKIELRDKKKSEHRIEPDDS--TDSTNSTNARKRAIAQKVSADNTPNGVLSAEGIITSTTLEEKMPNRSVRAFYAPGDIDRQSRKNTTQRVSKREYSNETK-IEKSPALITRENTSGNYTFTAND------TKIQITSNDTLNDT-LTIKKGMEIANTLITRDKN-TSNNDTTRPAMDEEQPVKKVRREKGAFSTVLQSAMVAIEYKQCANASSNKQEEERINNDIGVDTQKKDASKNNNITNKMIITVSIVRSFLTA-RGPREREEGGDRDVSANCLIIARTALRNKREIKYGNVKSLDTTVRELIRLFAICNIRQFAL
M26610_XPD_2412,45.0,39.0,33.0,28.0,27.0,27.0,26.0,25.0,25.0,25.0,18.0,4.0,4.0,4.0,3.0,3.0,3.0,3.0,3.0,3.0,3.0,3.0,3.0,3.0,3.0,3.0,3.0,3.0,3.0,3.0,3.0,3.0,3.0,3.0,3.0,3.0,3.0,3.0,3.0,3.0,3.0,MIMNCHWISFISVMGNTRTAAKVNVDQLVGNENHIDQSTNTDVNVNVTRN----------NT----------TPDPMNGEQKIELRDKKKSEHRIEPDDS--TDSTNSTNARKRTIAQKVSADNTPNGVLSAEGIIISTTLEEKMPNRSVRAFYAPGDIDRQSRKNTTQRVSKREYSNETK-IEKSPALITRENTSGNYTFTAND------TKIQITSNDTLNDT-LTIKKGMEIANTLITRDKN-TSNNDTTRPAMDEEQPVKKVKREKRAFSTVLQSAMVAIEYKQCANASSNKQEEERINNDIGVDTQKKDASKNNNITNKMIITVSIVRSFLTA-KGPREREEEGDRDVSANCLIIARTALRSKREIKYGNVKSLDTTVRELIRLVAICNVRQFAL
M26610_PL_105,46.0,40.0,34.0,29.0,28.0,28.0,27.0,26.0,26.0,26.0,18.0,4.0,4.0,4.0,3.0,3.0,3.0,3.0,3.0,3.0,3.0,3.0,3.0,3.0,3.0,3.0,3.0,3.0,3.0,3.0,3.0,3.0,3.0,3.0,3.0,3.0,3.0,3.0,3.0,3.0,3.0,MITSCHWISLISVMGNTRTAAKVNVDRILENKNHIDQSTNTNANVKGTRN----------STSSA---T---TPNLINGEMKIELRDKKKSEHRIEPDDS--TDSTNSTNARKRAIAQKVSADNTPNGVLSAEGIITSTTLEEKMPNRSVRAFYAPGDIDRQSRKNTTQRVSKREYSNETK-IEKSPALITRENTSGNYTFTAND------TKIQITSNDTLNDT-LTIKKGMEIANTLITRDKN-TSNNDTTRPAMDEEQPVKKVKREKRAFSTVLQSAMVAIEYKQCANASSNKQEEERINNDIGVDTQKKDASKNNNITNKMIITVSIVRSFLTA-RGPREREEGGDRDVSANCLIIARTALRSKREIKYGNVKSLDTTVRELIRLFAICNIRQFAL
M26610_PL_114,47.0,41.0,35.0,30.0,29.0,29.0,28.0,26.0,26.0,26.0,18.0,4.0,4.0,4.0,3.0,3.0,3.0,3.0,3.0,3.0,3.0,3.0,3.0,3.0,3.0,3.0,3.0,3.0,3.0,3.0,3.0,3.0,3.0,3.0,3.0,3.0,3.0,3.0,3.0,3.0,3.0,MITNCHWISFISVMGNTRTVAKVNVDQILGNKNHIDQSTNTNANVKVTRN----------STSSA---N---TPNLMNGEMKIELRDKKKSEHRIEPDDS--TDSTNSTNARKRAIAQKVSADNTPNGVLSAEGIITSTTLEEKMPNRSVRAFYAPGDIDRQSRKNTTQRVSKREYSNETK-IEKSPALITRENTSGNYTFTAND------TKIQITSNDTLNDT-LTIKKGMEIANTLITRDKN-TSNNDTTRPAMDEEQPVKKVKREKRAFSTVLQSAMVAIEYKQCANASSNKQEEERINNDIGVDTQKKDASKNNNITNKMIITVSIVRSFLTA-RGPREREEGGDRDVSANCLIIARTALRSKREIKYGNVKSLDTTVRELIRLFAICNIRQFAL
M26610_BMR_10202,48.0,42.0,36.0,31.0,30.0,30.0,29.0,27.0,27.0,27.0,19.0,4.0,4.0,4.0,3.0,3.0,3.0,3.0,3.0,3.0,3.0,3.0,3.0,3.0,3.0,3.0,3.0,3.0,3.0,3.0,3.0,3.0,3.0,3.0,3.0,3.0,3.0,3.0,3.0,3.0,3.0,MITNCHWISFISVMGNTRTAAKVNVGQLVGNKNHIDQSTNTDVNVNGTRN----------NTNNANTST---TPDPMNGEQKIELRDKKKSEHRIEPDDS--TDSTNSTNARKRAIAQKVSANNTPNGVLSAEGIITSTTLEEKMPNRSVRAFYAPGDIDRQSRKNTTQRVSKREYSNETK-IEKSPALITRENTSGNYTFTANG------TNITTTSNDTLNDT-LTIKKGMEIANTLITRDKN-TSNNDTTRPAMDEEP-VKKVKREKRAFSTVLQSAMVAIEYKQCANASSNKQEEGRIDNNISVETQKKDASENNNITNKMIITVSIVRSLLTA-RGPREREEEGDRDVSANCLIIARTALRSKREIKYGNVKSLDTTVRELIRLFAICNIRQFAL
M26610_PL_903,49.0,43.0,37.0,32.0,31.0,31.0,30.0,28.0,28.0,28.0,20.0,4.0,4.0,4.0,3.0,3.0,3.0,3.0,3.0,3.0,3.0,3.0,3.0,3.0,3.0,3.0,3.0,3.0,3.0,3.0,3.0,3.0,3.0,3.0,3.0,3.0,3.0,3.0,3.0,3.0,3.0,MITNCHWISFISVMGNTRTAAKVNVNQLVGNKNHIDQSTNTDVNV--TRN----------NTNEATTST---TPDPMNGEQKIELRDKKKSEHRIEPDDS--TDSTNSTNARKRAIAQKVSADNTPNGVLSAEGIITRTTLEEKMPNRSVRAFYAPGDIDRQSRKNTTQRVSERKHPNKT--IKEPPSLITRENTSGNYTFTANG------TNITTTFNNTLNDT-LTIKKGMEIANTLITRDKN-TSNNDTTRPAMDEEQPVKKVRREKRAFSTVLQSAMVAIEYKQCANASSNKQEEERINNDIGVDTQKKDASKNNNITNKMIITVSIVRSLPTA-RGPREREEGGDRDVSANCLIIARTALRSRREIKYGNVKSLDTTVRELVRIGAICNIRQFAL
M26610_XPD_2801,50.0,44.0,38.0,33.0,32.0,32.0,31.0,29.0,29.0,29.0,21.0,4.0,4.0,4.0,3.0,3.0,3.0,3.0,3.0,3.0,3.0,3.0,3.0,3.0,3.0,3.0,3.0,3.0,3.0,3.0,3.0,3.0,3.0,3.0,3.0,3.0,3.0,3.0,3.0,3.0,3.0,MITNCHWISFISVMGNTRTAAKVNVDQLVGNKNHIDQSTNTDVNVNATRN----------NTNNANTST---TPDPMNGEQKIELRDKKKSEHRIEPDDS--TDSTNSTNARKRAIAQKVSADNTPNGVLSAEGIITRTTLEERMPNRSVRAFYAPGDIDRQSRKNTTQRVSERKHPNKT--IKEPPSLITRENTSGNYTFTANG------TNITTTFNDTLNDT-LTIKKGMEIANTLITRDKN-TSNNDTTRPAMDEEQPVKKVRREKRAFSTVLQSAMVAIEYKQCANASSNKQEEERINNDIGVDTQKKDASKNNNITNKMIITVSIVRSFLTA-RGPREREEEGDRDVSANCLIIARTALRSKREIKYGNVKSLDTTVRELVRFFAVCNIRQFAL
M26610_XPD_3215,51.0,45.0,39.0,34.0,33.0,33.0,32.0,30.0,30.0,30.0,22.0,4.0,4.0,4.0,3.0,3.0,3.0,3.0,3.0,3.0,3.0,3.0,3.0,3.0,3.0,3.0,3.0,3.0,3.0,3.0,3.0,3.0,3.0,3.0,3.0,3.0,3.0,3.0,3.0,3.0,3.0,MITNCHWISFISVMGNTRTAAKVNVDQLVGNKNHIDQSTNTDVNV--TRN----------NTNNANTST---TPDPMNGEQKIELRDKKKSEHRIEPDDS--TDSTNSTNARKRAIAQKVTADNKPNGVLSAEGIITSTTLEEKMPNRSVRAFYAPGDIDRQSRKNTTQRVSEREHPGKTQ-IEKPPSLITGENTSDNGTFTFNG------TNITTTFNDTLNDT-LTIKKGMSKTNTLITRDQN-NESNTTTRPAMDEEQPVKKVKREKRAFSTVLQSAMVAIEYKQCANASSNKQEEERINNEISVDTQKKDASKNNNITNKMIITVSIVRSFLTA-RGPREREEEGDRDVSANCLIIARTALRSKREIKYGNVRSLDTTVRELVRFFAICNVRQFAL
M26610_BML_401,52.0,46.0,40.0,35.0,34.0,34.0,33.0,31.0,31.0,31.0,23.0,5.0,5.0,5.0,3.0,3.0,3.0,3.0,3.0,3.0,3.0,3.0,3.0,3.0,3.0,3.0,3.0,3.0,3.0,3.0,3.0,3.0,3.0,3.0,3.0,3.0,3.0,3.0,3.0,3.0,3.0,MITNCHWISFISVMGNTRTAAKVNVDQLVGNKNRIDQSTNTNVNVNGTRN----------NTTNATTPTPPTTPDPMKGDMKIELRDKKKSEHRIAPDDS--TNSS------KRAIAQKVTADNKPNGVLSAEGIITRTTLEEKMPNRNVGAFYATGDIDRQSRQNTTRRISKREHPNKTK-IEEPPSLITRENTTDNGTFTFNG------TNITTTFNDTLNDT-LTIKKGMEIANTLITRDKH-NKSNDTTRPAMDEEQPVKKVKREKRAFSTVLQSAMVAIEYKQCANASSNKQEEGRINNGISIDTQKKDESKNTDITNKMIITVSIARSLPTA-RGPREREEGGDRDVSANCLIIARTALRSKREIKYGNVKSLDTTVRELIRLFAICNIRQFAL
M26610_PL_110,53.0,47.0,41.0,36.0,35.0,35.0,34.0,32.0,32.0,32.0,24.0,5.0,5.0,5.0,3.0,3.0,3.0,3.0,3.0,3.0,3.0,3.0,3.0,3.0,3.0,3.0,3.0,3.0,3.0,3.0,3.0,3.0,3.0,3.0,3.0,3.0,3.0,3.0,3.0,3.0,3.0,MITNCQWISFISVMGNTRTAAKVNVDQLVGNKNHIDQSTNTNVNVNGTRN----------NTTNATTPTPPTTPDPMKGDMKIELRDKKKSEHRIAPDDS--TNSS------KRAIAQKVTADNKPNGVLSAEGIITRTTLEEKMPNRSVGAFYATGDIDRQSRQNTTRRISKRKHPNKT--IKEPPSLITRENTSGNYTFTANG------TNITTTFNDTLNDT-LTIKKGMEIANTLITRDKN-TSNNDTTRPAMDEEQPVKKVKREKRAFSTVLQSAMVAIEYKQCANASSNKQEEGRINNGISIDTQKKDESKNTDITNKMIITVSIVRSLLTA-RGSREREEEGDRDVSANCLIIARTALRSKREIKYGNVKSLDTTVRELIRFFAICNIRQFAL
M26610_PL_809,54.0,48.0,42.0,37.0,36.0,36.0,35.0,33.0,33.0,33.0,25.0,6.0,6.0,6.0,3.0,3.0,3.0,3.0,3.0,3.0,3.0,3.0,3.0,3.0,3.0,3.0,3.0,3.0,3.0,3.0,3.0,3.0,3.0,3.0,3.0,3.0,3.0,3.0,3.0,3.0,3.0,MITNCHWISFISVMGNTRTAAKVNVDQLVGNKNHIDQSTNTDVKVNGTRN----------NTTNATTPN------PMKEEMKIELRDKKKSEHRIAPDDS--TNSS------KRAIAQKVTADNKPNGVLSAEGIITRTTLEENTPNRSVGAFYTTGDIDRQSRKNTTQRVSEREHPGKTE-IEKPPSLITGEDTSDNGTFIFNG------TDIKTTFNNTLNDT-QTIKKGMSRTNTLITRDQN-NESNTTTRPAMDEEQPVKKVKREKRAFSTVLQSAMVAIEYKQCANASSNKQEEERISNGISVDTQKKDASENNNITNKMIITVSIVRSFLTA-RGPREREEEGDRDVSANCLIIARTALRSRREIKYGNVKSLDTTVRELVRLFAICNVRQFAL
M26610_PL_901,55.0,48.0,42.0,37.0,36.0,36.0,35.0,33.0,33.0,33.0,25.0,6.0,6.0,6.0,3.0,3.0,3.0,3.0,3.0,3.0,3.0,3.0,3.0,3.0,3.0,3.0,3.0,3.0,3.0,3.0,3.0,3.0,3.0,3.0,3.0,3.0,3.0,3.0,3.0,3.0,3.0,MITNCHWISFISVMGNTRTAAKVNVDQLVGNKNHIDQSTNTDVKVNGTRN----------NTTNATTPN------PMKEEMKIELRDKKKSEHRIAPDDS--TNSS------KRAIAQKVTVDNKPNGVLSAEGIITRTTLEENTPNRSVGAFYTTGDIDRQSRKNTTQRVSEREHPGKTE-IEKPPSLITGEDTSDNGTFIFNG------TDIKTTFNNTLNDT-QTIKKGMSRTNTLITRDQN-NESNTTTRPAMDEEQPVKKVKREKRAFSTVLQSAMVAIEYKQCANASSNKQEEERISNGISVDTQKKDASENNNITNKMIITVSIVRSFLTA-RGPREREEEGDRDVSANCLIIARTALRSRREIKYGNVKSLDTTVRELVRLFAICNVRQFAL
M26610_BML_5801,56.0,49.0,43.0,38.0,37.0,37.0,36.0,34.0,34.0,34.0,26.0,7.0,7.0,7.0,3.0,3.0,3.0,3.0,3.0,3.0,3.0,3.0,3.0,3.0,3.0,3.0,3.0,3.0,3.0,3.0,3.0,3.0,3.0,3.0,3.0,3.0,3.0,3.0,3.0,3.0,3.0,MITNCQWISFISVMGNTRTAAKVNVDQMWENKNHIDQSTNTNVNV--TRN----------NTNSATTP----TPDPMNGEIKIELRDKKKSEHRIVPDDS--TNSTNDS---KRAITHKVSADNTPNGVLSAEGIITSTTLEENTPNRSVRAFYATEDIDRQSRKNTTQRVSEREHPNTTE-IKEPPSLITGENTSGNNTF--ND------TDIQPTFNDTLNDT-LTIKKGMSRTNTLITRDKN-TSSNTTIRPAMDEEQPVKKVRREKRAFSTVLQSAMVAIEYKQCANASSNKQEEGRINNNISVDTQKKDASENNNITNKMIITISIVRSFLTA-RGPRGREEEGDRDVSANCLIIARTALHSKREIKYGNVKSLDTTVRELVRISAICNVRQFTL
B20101_XPR_404,57.0,50.0,44.0,39.0,38.0,38.0,37.0,35.0,35.0,35.0,27.0,1.0,1.0,1.0,1.0,1.0,1.0,1.0,1.0,1.0,1.0,1.0,1.0,1.0,1.0,1.0,1.0,1.0,1.0,1.0,1.0,1.0,1.0,1.0,1.0,1.0,1.0,1.0,1.0,1.0,1.0,RILNWQWIIFIN-MEKTKTAARINVNQLVRNKNHVDQMTNTDCIKNCTNNNY-----TSSNNASIGG----------GGEVKAEIQDRKKKEHRIVPQEN----SSE------RTITQKVTANNTPRGVLAEEKILTNVTLEQVIPSRSIRAFYATGDTDRKSESLNKQRVAKMEHPNKN--ISKPHSPVTGENASQN------KTYMANGTEMHNNDTG--NDSNITLQKGMAVKNSIITRDANNDTSDTSTRPGMDEEKPIAKMR-EKRALSAAVQSAMVTIEYQQCSDSSSNKQGDDRISNGTTEEIQKKEAKTNNDISNKMIVTVSIVRSFLTN-RGPRGGEEEGDRDINASSLIVTRAVLRSKREAKYGSVKSLNTIVRAVIGTGAIWSIRQFAQ
B20101_XPR_7,58.0,51.0,45.0,39.0,38.0,38.0,37.0,35.0,35.0,35.0,27.0,1.0,1.0,1.0,1.0,1.0,1.0,1.0,1.0,1.0,1.0,1.0,1.0,1.0,1.0,1.0,1.0,1.0,1.0,1.0,1.0,1.0,1.0,1.0,1.0,1.0,1.0,1.0,1.0,1.0,1.0,RILNWQWIIFIN-MEKTKTAARINVNQLVRNKNHVDQMTNTDCIKNCTNNNY-----TSSNNASIGG----------GGEVKAEIQDRKKKEHRIVPQEN----SSE------RTITQKVTANNTPRGVLAEEKILTNVTLEQVIPSRSIRAFYATGDTDRKSESLNKQRVAKMEHPNKN--ISKPHSPVTGKNTSQN------KTYMANGTEMHNNDTG--NDSNITLQKGMAVKNSIITRDANNDTSDTSTKPGMDKEKPIAKMR-EKRALSAAVQSAMVTIEYQQCSDSSSNKQGDDRISNGTTEEIQKKEAKTNNDISNKMIVTVSIVRSFLTN-RGPRGGEEEGDRDINASSLIVTRAVLRSKREAKYGSVKSLNTIVRAVIGTGAIWSIRQFAQ
B20101_XPR_403,59.0,52.0,46.0,39.0,38.0,38.0,37.0,35.0,35.0,35.0,27.0,1.0,1.0,1.0,1.0,1.0,1.0,1.0,1.0,1.0,1.0,1.0,1.0,1.0,1.0,1.0,1.0,1.0,1.0,1.0,1.0,1.0,1.0,1.0,1.0,1.0,1.0,1.0,1.0,1.0,1.0,RILNWQWIIFIN-MEKTKTAARINVNQLVRNKNHVDQMTNTDCIKNCTNNNY-----TSSNNASIGG----------GGEVKAEIQDRKKKEHRIVPQEN----SSE------RTITQKVTANNTPRGVLAEEKILTNVTLEQVIPSRSIRAFYATGDTDRKSESLNKQRVAKMGHPNKN--ISKPHSPVTGENTSQN------KTYMANGTEMHNNDTG--NDSNITLQKGMAVKNSIITRDANNDTSDTSTRPGMDEEKPIAKMR-EKRALSAAVQSAMVTIEYQQCSDSSSNKQGDDRISNGTTEEIQKKEAKTNNDISNKMIVTVSIVRSFLTN-RGPRGGEEEGDRDINASSLIVTGAVLRSKREAKYGSVKSLNTIVRAVIGTGAIWSIRQFAQ
B20101_XPR_203,60.0,53.0,47.0,39.0,38.0,38.0,37.0,35.0,35.0,35.0,27.0,1.0,1.0,1.0,1.0,1.0,1.0,1.0,1.0,1.0,1.0,1.0,1.0,1.0,1.0,1.0,1.0,1.0,1.0,1.0,1.0,1.0,1.0,1.0,1.0,1.0,1.0,1.0,1.0,1.0,1.0,RILNWQWIIFIN-MEKTKTAARINVNQLVRNKNHVDQMTNTDCIKNCTNNNY-----TSSNNASIGG----------GGEVKAEIQGRKKKEHRIVPQEN----SSE------RTITQKVTANNTPRGVLAEEKILTNVTLEQVIPSRSIRAFYATGDTDRKSESLNKQRVAKMEHPNKN--ISKPHSPVTGENTSQN------KTYMANGTEMHNNDTG--NDSNITLQKGMAVKNSIITRGANNDTSDTSTRPGMDEERPIAKMR-EKRALSAAVQSAMVTIEYQQCSDSSSNKQGDDRISNGTTEEIQKKEAKTNNDISNKMIVTVSIVRSFLTN-RGPRGGEEEGDRDINASSLIVTRAVLRSKREAKYGSVKSLNTIVRAVIGTGAIWSIRQFAQ
B20101_XPR_306,61.0,54.0,48.0,40.0,38.0,38.0,37.0,35.0,35.0,35.0,27.0,1.0,1.0,1.0,1.0,1.0,1.0,1.0,1.0,1.0,1.0,1.0,1.0,1.0,1.0,1.0,1.0,1.0,1.0,1.0,1.0,1.0,1.0,1.0,1.0,1.0,1.0,1.0,1.0,1.0,1.0,RILNWQWIIFIN-MEKTKTAARINVNQLVRNKNHVDQMTNTDCIKNCTNNNY-----TSSNNASIGG----------GGEAKAEIQDRKKKEHRIVPQEN----SSE------RTITQKVTANNTPRRVLAEEKILTNVTLEQVIPSRSIRAFYATGDTDRKSESLNKQRVAKMEHPNKN--ISKPHSPVTGENTSQN------KTYMANDTEMHNNDTG--NDSNITLQKGMAVKNSIITRDANNDTSDTSTRPGMDEEKPIAKMR-EKRALSAAVQSAMVTIEYQQCSDSSSNKQGDDRISNGTTEEIQKKEAKTNNDISNKTIVTVSIVRSFLTN-RGPRGGEEEGDRDINASSLIVTRAVLRSKREAKYGSVKSLNTIVRAVIGTGAIWSIRQFAQ
B20101_XPR_310,62.0,55.0,49.0,41.0,38.0,38.0,37.0,35.0,35.0,35.0,27.0,1.0,1.0,1.0,1.0,1.0,1.0,1.0,1.0,1.0,1.0,1.0,1.0,1.0,1.0,1.0,1.0,1.0,1.0,1.0,1.0,1.0,1.0,1.0,1.0,1.0,1.0,1.0,1.0,1.0,1.0,RILNWQWIIFIN-MEKTKTAARINVNQLVRNKNHVDQMTNTDCIKNCTNNNY-----TSSNNASIGG----------GGEVKAEIQDRKKKEHRIVPQEN----SSE------RTITQKVTANNTPRGVLAEEKILTNVTLEQVIPSRSIRAFYATGDTDGKSESLNKQRVAKMEHPNKN--ISKPHSPVTGENTSQN------KTYMANDTEMHNNDTG--NDSNITLQKGMAVKNSIIIRDANNDTSDTSTRPGMDEEKPIAKMR-EKRALSAAVQSAMVTIEYQQCSDSSSNKQGDDRISNGTTEEIQKKEAKTNNDISNKMVVTVSIVRSFLTN-RGPRGGEEEGDRDINASSLIVTRAVLRSKREAKYGSVKSLNTIVRAVIGTGAIWSIRQFAQ
M20100_XPD_3804,63.0,56.0,50.0,42.0,39.0,39.0,38.0,36.0,36.0,36.0,28.0,1.0,1.0,1.0,1.0,1.0,1.0,1.0,1.0,1.0,1.0,1.0,1.0,1.0,1.0,1.0,1.0,1.0,1.0,1.0,1.0,1.0,1.0,1.0,1.0,1.0,1.0,1.0,1.0,1.0,1.0,RILNWQWIIFIN-MEKTKTAARINVNQLVGNKNHVDQMTNTDCIKNCTNNNY-----TNINNASIGE----------GGEIKAEIQDRKKKEHRIVPQEN----SSE------RTITQKVTANNTSKGVLAEEKKLTNVTLEQVIPTRSIRAFYATGAIDRKSESQNKQRVAKMEHPNKN--ISKPHSPITGENTSQN------RTYMANGTEMHNNNTG--N---ITLQKGVAVKSNIITRD---DNNDTSTRPGMGEEKPIAKVR-EKRALSAAVQSAMVTIEYQQCSDSSSNKQGDDRISNGTTEEIQRKEAKTNNDISNKMIVTVSIVRSFLNN-RGPRGGEEEGDRDINASSLIVTRAVLRSKREAKYGSVKSFDTIVRAVIGIGAIWSIRQFAQ
M20100_XPR_108,64.0,57.0,51.0,43.0,39.0,39.0,38.0,36.0,36.0,36.0,28.0,1.0,1.0,1.0,1.0,1.0,1.0,1.0,1.0,1.0,1.0,1.0,1.0,1.0,1.0,1.0,1.0,1.0,1.0,1.0,1.0,1.0,1.0,1.0,1.0,1.0,1.0,1.0,1.0,1.0,1.0,RILNWQWIIFIN-MEKTKAAARINVNQLVENKNHVDQMTNTDCIKNCTNNNY-----TNINNASIGE----------GGEIKAEIQDRKKKEHRIVPQEN----SSE------RTITQKVTANNTPKGVLAEEKKLTNVTLEQVIPTRSIRAFYATGAIDRKSESQNKQRVAKMEHPNKN--ISKPHSPITGENTSQN------RTYMANGTEMHNNNTG--N---ITLQKGVAVKSNIITRD---DNNDTSTRPGMDEEKPIAKMR-EKRALSAAVQSAMVTIEYQQCSDSSSNKQGDDRISNGTTEEIQRKEAKTNNDISNKMIVTVSIVRSFLNI-RGPRGGEEEGDRDINASSLIVTRAVLRSKREAKYGSVKSLDTIVRAVIGIGAIWSIRQFAQ
M20100_XPD_2301,65.0,58.0,52.0,44.0,39.0,39.0,38.0,36.0,36.0,36.0,28.0,1.0,1.0,1.0,1.0,1.0,1.0,1.0,1.0,1.0,1.0,1.0,1.0,1.0,1.0,1.0,1.0,1.0,1.0,1.0,1.0,1.0,1.0,1.0,1.0,1.0,1.0,1.0,1.0,1.0,1.0,RILNWQWIIFIN-MEKTKAAARINVNQLVGNKNHVDQMTNTDCIKNCTNNNY-----TNINNASIGE----------GGEIKAEIQDRKKKEHRIVPQEN----SSE------RTITQKVTANNTPKGVLAEEKKLTNVTLEQVIPTRSIRAFYATGAIDRKSESQNKQRVAKMEHPNKN--ISKPHSPITGENTSQN------RTYMANGTEMHNNNTG--N---ITLQKGVAVKSNIITRD---DNNDTSTRPGMDEEKPIAKVR-EKRALSAAVQSAMVTIEYQQCSDSSSNKQGDDRISNGTTEEIQRKEAKTNNDISNKMIVTVSIVRSFLTN-RGPRGGEEEGDRDINASSLIVTRAVLRSKREAKYGSVKSLDTIVRAVIGIGAIWSIRQFAQ
M20100_XPR_201,66.0,59.0,53.0,45.0,40.0,40.0,39.0,37.0,37.0,37.0,29.0,1.0,1.0,1.0,1.0,1.0,1.0,1.0,1.0,1.0,1.0,1.0,1.0,1.0,1.0,1.0,1.0,1.0,1.0,1.0,1.0,1.0,1.0,1.0,1.0,1.0,1.0,1.0,1.0,1.0,1.0,RILNWQWIIFIN-MEKTKTAARINVNQLVGNKNHVDQMTNTDCIKNCTNNNY-----TNINNASIGE----------GGEIKAEIQDRKKKEHRIVPQEN----SSE------RTITQKVTANNTPKGVLAEEKKLTNVTLEQVIPTRSIRAFYATGAIDRKSESQNKQRVAKMEHPNKN--ISKPHSPITGENTSQN------RTYIVNGTEMHNNNTG--NDSTITLQKGMAVKNSIITRD---ANNVTYTRPGMDEEKPIAKVR-GKRALSAAVQSAMVTIEYQQCSNSSSNKQGDGRISNGTTEKIQRKEAKTNNGISNKMIVTVSIVRSFLTN-RGPRGGEEEGDRDINASSLIVTRAVLRSKREAKYGSVKSFDTIVRAVIGIGAIWSIRQFAQ
M20100_XPD_2607,67.0,60.0,54.0,46.0,41.0,41.0,40.0,38.0,38.0,38.0,30.0,1.0,1.0,1.0,1.0,1.0,1.0,1.0,1.0,1.0,1.0,1.0,1.0,1.0,1.0,1.0,1.0,1.0,1.0,1.0,1.0,1.0,1.0,1.0,1.0,1.0,1.0,1.0,1.0,1.0,1.0,RILNWQWIIFIN-MEKTKAAARINVNQLVENKNHVDQMTNTDCIKNCTNNNY-----TNSNNASIGG----------GGEIKAEIQDRKKKEHRIVPQEN----SSE------RTITQKVTVNNTPKGVLAEEKILTNVTLEQVISNRSIRAFYATGDIDRKSESQNKQRVAKMEHPNKN--ISKPHSPITGENTSQNRTYIVNRTYIVNGTEMHNNNTG--NNSTITLQKGMEVKNSIITRD---ANNATNTRPGMDEEKPIAKVR-EKRALSAAVQSAMVTIEYQQCSDSSSNKQGDDRISNGTTEEIQRKEAKTNNDISNKMIVTVSIVRSFLNN-RGPRGGEEEGDRDINASSLIVTRAVLRSKREAKYGSVKSFDTIVRAVIGIGAIWSIRQFAQ
M20100_XPD_2612,67.0,60.0,54.0,46.0,41.0,41.0,40.0,38.0,38.0,38.0,30.0,1.0,1.0,1.0,1.0,1.0,1.0,1.0,1.0,1.0,1.0,1.0,1.0,1.0,1.0,1.0,1.0,1.0,1.0,1.0,1.0,1.0,1.0,1.0,1.0,1.0,1.0,1.0,1.0,1.0,1.0,RILNWQWIIFIN-MEKTKAAARINVNQLVENKNHVDQMTNTDCIKNCTNNNY-----TNSNNASIGG----------GGEIKAEIQDRKKKEHRIVPQEN----SSE------RTITQKVTVNNTPKGVLAEEKILTNVTLEQVISNRSIRAFYATGDIDRKSESQNKQRVAKMEHPNKN--ISKPHSPITGENTSQNRTYIVNRTYIVNGTEMHNNNTG--NNSTITLQKGMEVKNSIITRD---ANNATNTRPGMDEEKPIAKVR-EKRALSAAVQSAMVTIEYQQCSDSSSNKQGDDRISNGTTEEIQRKEAKTNNDISNKMIVTVSIVRSFLNN-RGPRGGEEEGDRDINASSLIVTRAVLRSKREAKYGSVKSFDTIVRAVIGIGAIWSIRQFAQ
M20100_XPD_2703,68.0,61.0,55.0,47.0,42.0,42.0,41.0,39.0,39.0,39.0,31.0,1.0,1.0,1.0,1.0,1.0,1.0,1.0,1.0,1.0,1.0,1.0,1.0,1.0,1.0,1.0,1.0,1.0,1.0,1.0,1.0,1.0,1.0,1.0,1.0,1.0,1.0,1.0,1.0,1.0,1.0,RILNWQWIIFIN-MEKTKTAARINVNQLVGSKNHVDQMTNTDCIKNCTNNNY-----TNSN-ASIGE----------GGEIKAEIQDRKKKEHRIVPQEN----SSE------RTITQKVTANNTPKGVLAEEKILTNVTLEQVIPNRSIRAFYATGDIDRKSESQNKQRVAKMEHPNKN--ISKPHSPITGENTSQN------RTYIVNGTEMHNNNTG--NDSTITLQKGMAVKNSIITRD---ANNVTNTRPGMDEEKPIAKMR-EKRALSAAVQSAMVTIEYQQCSDSSSNKQGDDRISNGTTEEIQRKEAKTNNDISNKMIVTVSIVRSFLTN-RGPRGGEEEGDRDINASSLIVTRAVLRSKREAKYGSVKSLDTIVRAVIGIGAIWSIRQFAQ
M20100_XPD_4711,69.0,62.0,56.0,48.0,43.0,43.0,42.0,40.0,40.0,40.0,32.0,1.0,1.0,1.0,1.0,1.0,1.0,1.0,1.0,1.0,1.0,1.0,1.0,1.0,1.0,1.0,1.0,1.0,1.0,1.0,1.0,1.0,1.0,1.0,1.0,1.0,1.0,1.0,1.0,1.0,1.0,RILNWQWIIFIN-MEKTKTAARINVNQLVGNKNHVDQMTNTDCIKNCTNNNY-----TNSNNASIGG----------GGEIKAEIQDRKKKEHRIVPQEN----SSE------RTITQKVTANNTPKGVLAEEKILTNVTLEQVIPNRSIRAFYATGDIDRKSESQNKQRVAKMEHPNKN--ISKPHSPITGENTSQN------RTYIVNGTEMHNNNTG--N---ITLQKGMAVKNSIITRDG--ANNATSTRPGMDEEKPIAKMR-EKRALSTAVQSAMVTIEYQQCSDSSSNKQGDDRISNGTTEEIQRKEAKTNNDISNKMIVTVSIVRSFLNI-RGPRGGEEEGDRDINASSLIVTRAVLRSKREAKYGSVKSLDTLVRAVIGIGAIWSIRQFAQ
M20100_XPR_1101,70.0,63.0,57.0,49.0,44.0,44.0,43.0,41.0,41.0,41.0,33.0,1.0,1.0,1.0,1.0,1.0,1.0,1.0,1.0,1.0,1.0,1.0,1.0,1.0,1.0,1.0,1.0,1.0,1.0,1.0,1.0,1.0,1.0,1.0,1.0,1.0,1.0,1.0,1.0,1.0,1.0,RILNWQWIIFIN-MEKTKTAARINVNQLVENKNHVDQMTNTDCIKNCTNNNY-----TNSN-ASIGG----------GGEIKTEIQDRKKKEHRIVPQEN----SSE------RTITQKVTANNTPKGVLAEEKILTNVTLEQVIPSRSIRAFYATGDTDRKSERQNKQRVAKMEHPNKN--ISEPHSPITGENTSQN------RTYIVNGTEMHNNKTG--NNSTITLQKGMAVKNSIITRD---ANNVTNTRPGMDEEKPIAKMR-EKRALSAAVQSAMVTIEYQQCSDSSSNKQGDDRISNGTTEEIQRKEAKTNNDISNKMIVTVSIVRSFLTN-RGPRGGEEEGDRDINASSLIVTRAVLRSKREAKYGSVKSLNTIVRAVIGIGAIWSIRQFAQ
M20100_XPR_307,71.0,64.0,58.0,50.0,45.0,45.0,44.0,42.0,42.0,42.0,34.0,1.0,1.0,1.0,1.0,1.0,1.0,1.0,1.0,1.0,1.0,1.0,1.0,1.0,1.0,1.0,1.0,1.0,1.0,1.0,1.0,1.0,1.0,1.0,1.0,1.0,1.0,1.0,1.0,1.0,1.0,RILNWQWIIFIN-MEKTKAAARINVNQLVENKNHVDQMTNTDCIKNCTNNNY-----TNSN-ASIGG----------GGEIKAGIQDRKKKEHRIVPQEN----SSE------RTITQKVTANNTPKGVRAEEKILTNVTLEQVIPNKNIRAFYATGGIDRKSERQNKQRVAKMEHPNKN--ISKPHSPITGENTSQN------RTYIVNGTEMHNNNTG--DDSTITLQKGMAVKNSIITRD----ANVTNTRPGMDEEKPIAKMR-EKRALSTAVQSAMVTIEYQQCSDSSSNKQGDDRISNGTTEEIQRKEAKTNNDISNKMIVTVSIVRSFLTN-RGPRGGEEEGDRDINASSLIVTRAVLRSKREAKCGSVKSFDTIVRAVIGIGAIWSIRQFAQ
M20100_XPD_2901,72.0,65.0,59.0,51.0,46.0,46.0,45.0,43.0,43.0,43.0,35.0,1.0,1.0,1.0,1.0,1.0,1.0,1.0,1.0,1.0,1.0,1.0,1.0,1.0,1.0,1.0,1.0,1.0,1.0,1.0,1.0,1.0,1.0,1.0,1.0,1.0,1.0,1.0,1.0,1.0,1.0,RVLNWQRIIFIN-MEKTKTAARINVNQLVGNKNHVDQMTNTDYIKNCTNNNC-----TNSNNASIGE----------GGEIKAEIQDRKKKEYRIVPQEN----SSENS--SERTITQKVTANNTPKGVLAEEKILTNVTLKQVIPNKNIRAFYATGDIERKSESQNEQRVAKMEHPNKN--ISKPHSPITGENTSQN------RTYIVNGTEMHNNNTG--NDSTITLQKGMAVKNSIITRDANN---VTYTRPGMDEEKPIAKVR-GKRALSAAVQSAMVTIEYQQCSNSSSNKQGDGRISNGTTEKIQSKEAKTNNDISNKMIVTVSIVRSFLNN-RGPRGGEEEGDRDINASSLIVTRAVLRSKREAKYGSVKSLDTIIRAVIGIGAIWSIRQFAQ
M20100_XPR_314,73.0,66.0,60.0,52.0,47.0,47.0,46.0,44.0,44.0,43.0,35.0,1.0,1.0,1.0,1.0,1.0,1.0,1.0,1.0,1.0,1.0,1.0,1.0,1.0,1.0,1.0,1.0,1.0,1.0,1.0,1.0,1.0,1.0,1.0,1.0,1.0,1.0,1.0,1.0,1.0,1.0,RILNWQWIIFIN-MEKTKTAARINVNQLVGNKNHVDQMTNTDYIKNCTNNNC-----TNSNNASIGE----------GGEIKAEIQDRKKKEYRIVPQEN----SSENS--SERTITQKVTANNTPKGVLAEEKILTNVTLKQVIPNKNIRAFYATGDIERKRESQNEQRVAKMEHPKKN--ISKPHSPITGENTSQN------RTYIVNGTEMHNNNTG--NDSTITLQRGMAVKNSIITRDANN---VTYTRPGMDEEKPIAKVR-GKRALSAAVQSAMVTIEYQQCSNSSSNKQGDGRISNGTTEKMQSKEAKTNNDISNKMIVTVSIVRSFLNN-RGPRGGEKEGDRDINASSLIVTRAVLRSKREAKYGSVKSLDIIVRAVIGIGAIWSIRQFAQ
M20100_XPR_208,1.0,1.0,1.0,1.0,1.0,1.0,1.0,1.0,1.0,1.0,1.0,1.0,1.0,1.0,1.0,1.0,1.0,1.0,1.0,1.0,1.0,1.0,1.0,1.0,1.0,1.0,1.0,1.0,1.0,1.0,1.0,1.0,1.0,1.0,1.0,1.0,1.0,1.0,1.0,1.0,1.0,RILNWQWIIFIN-MEKTKTAARINVNQLVGNKNHVDQMTNTDYIKNCTNINC-----TNSNNASIGE----------GGEIKAEIQDRKKKEYRIVPQEN----SSENS--SERTITQKVTANNTPKGVLAEEKILTNVTLKQVIPHKSIRAFYATGDIERKSESQNEQRVAKMEHPNKN--ISKPHSPITGENTSQN------RTYIVNGTETHNNNTG--KNSTITLQKGMAVKNSIITRDANNDTSDTSTRPGMDEEKPIAKMR-EKRALSTAVQSAMVTIEYQQCSDSSSNKQGDDRISNGTTEEIQRKEAKTNNDISNKMIVTVSIVRSFLNT-RGPRGGEEEGDRDINASSLIVTRAVLRSKREAKYGSAKSFDTIVRAVIGIGAIWSIRQFAQ
